onion,unique_domains
facebookcorewwwi.onion,398
uj3wazyk5u4hnvtk.onion,205
hydra5etioavaz7p.onion,204
hydra6c2bnrd6phf.onion,189
xmh57jrzrnw6insl.onion,182
zqktlwi4fecvo6ri.onion,180
hydra2exghh3rnmc.onion,163
hydra3rudf3j4hww.onion,159
hydra4jpwhfx4mst.onion,159
kpvz7ki2v5agwt35.onion,154
flibustahezeous3.onion,141
torbox3uiot6wchz.onion,128
kpynyvym6xqi7wz2.onion,114
grams7enufi7jmdl.onion,111
hss3uro2hsxfogfq.onion,107
protonirockerxow.onion,102
456bosfo4pgtbrv3.onion,101
torlinkbgs6aabns.onion,99
fb2lib3argrtulnw.onion,98
76qugh5bey5gum7l.onion,92
sigaintevyh2rzvw.onion,90
jh32yv5zgayyyts3.onion,88
